metro,n_properties,pct_winners,median_site_ratio,mean_site_ratio,std_site_ratio
"Cook County, IL",672719,57.46470666058191,0.2209092795439405,0.24471269367280984,0.10544975922624758
"Philadelphia, PA",300000,13.404333333333332,0.2,0.19118037602030197,0.06999730107048564
"Washington, D.C.",215719,62.03857796485243,0.3820118407180125,0.4475152338056498,0.20123319875727544
